,Names_of_website_templetes_premium,Links_of_website_premium,links_of_images_premium
0,Transform,https://www.os-templates.com/premium-website-templates/transform,https://www.free-css.com/assets/images/premium-templates/transform.jpg
1,Ellusive,https://www.os-templates.com/premium-website-templates/ellusive,https://www.free-css.com/assets/images/premium-templates/ellusive.jpg
2,Insight,https://www.os-templates.com/premium-website-templates/insight,https://www.free-css.com/assets/images/premium-templates/insight.jpg
3,Charity Group,https://www.os-templates.com/premium-website-templates/charity-group,https://www.free-css.com/assets/images/premium-templates/charity-group.jpg
4,Global Magazine,https://www.os-templates.com/premium-website-templates/global-magazine,https://www.free-css.com/assets/images/premium-templates/global-magazine.jpg
5,Book Of Wisdom,https://www.os-templates.com/premium-website-templates/book-of-wisdom,https://www.free-css.com/assets/images/premium-templates/book-of-wisdom.jpg
6,CleanCut Lite,https://www.os-templates.com/premium-website-templates/cleancut-lite,https://www.free-css.com/assets/images/premium-templates/cleancut-lite.jpg
7,CleanCut Pro,https://www.os-templates.com/premium-website-templates/cleancut-pro,https://www.free-css.com/assets/images/premium-templates/cleancut-pro.jpg
