,Names_of_website_templetes_layout,Links_of_website_free_layout,links_of_images_free_layout
0,CSS Layout 1,https://www.free-css.com/free-css-layouts/page1/css-layout-1,https://www.free-css.com/assets/images/free-css-layouts/page1/css-layout-1.jpg
1,CSS Layout 2,https://www.free-css.com/free-css-layouts/page1/css-layout-2,https://www.free-css.com/assets/images/free-css-layouts/page1/css-layout-2.jpg
2,CSS Layout 3,https://www.free-css.com/free-css-layouts/page1/css-layout-3,https://www.free-css.com/assets/images/free-css-layouts/page1/css-layout-3.jpg
3,CSS Layout 4,https://www.free-css.com/free-css-layouts/page1/css-layout-4,https://www.free-css.com/assets/images/free-css-layouts/page1/css-layout-4.jpg
4,CSS Layout 5,https://www.free-css.com/free-css-layouts/page1/css-layout-5,https://www.free-css.com/assets/images/free-css-layouts/page1/css-layout-5.jpg
5,CSS Layout 6,https://www.free-css.com/free-css-layouts/page1/css-layout-6,https://www.free-css.com/assets/images/free-css-layouts/page1/css-layout-6.jpg
6,CSS Layout 7,https://www.free-css.com/free-css-layouts/page1/css-layout-7,https://www.free-css.com/assets/images/free-css-layouts/page1/css-layout-7.jpg
7,CSS Layout 8,https://www.free-css.com/free-css-layouts/page1/css-layout-8,https://www.free-css.com/assets/images/free-css-layouts/page1/css-layout-8.jpg
8,CSS Layout 9,https://www.free-css.com/free-css-layouts/page1/css-layout-9,https://www.free-css.com/assets/images/free-css-layouts/page1/css-layout-9.jpg
9,CSS Layout 10,https://www.free-css.com/free-css-layouts/page1/css-layout-10,https://www.free-css.com/assets/images/free-css-layouts/page1/css-layout-10.jpg
10,CSS Layout 11,https://www.free-css.com/free-css-layouts/page1/css-layout-11,https://www.free-css.com/assets/images/free-css-layouts/page1/css-layout-11.jpg
11,CSS Layout 12,https://www.free-css.com/free-css-layouts/page1/css-layout-12,https://www.free-css.com/assets/images/free-css-layouts/page1/css-layout-12.jpg
12,CSS Layout 13,https://www.free-css.com/free-css-layouts/page2/css-layout-13,https://www.free-css.com/assets/images/free-css-layouts/page2/css-layout-13.jpg
13,CSS Layout 14,https://www.free-css.com/free-css-layouts/page2/css-layout-14,https://www.free-css.com/assets/images/free-css-layouts/page2/css-layout-14.jpg
14,CSS Layout 15,https://www.free-css.com/free-css-layouts/page2/css-layout-15,https://www.free-css.com/assets/images/free-css-layouts/page2/css-layout-15.jpg
15,CSS Layout 16,https://www.free-css.com/free-css-layouts/page2/css-layout-16,https://www.free-css.com/assets/images/free-css-layouts/page2/css-layout-16.jpg
16,CSS Layout 17,https://www.free-css.com/free-css-layouts/page2/css-layout-17,https://www.free-css.com/assets/images/free-css-layouts/page2/css-layout-17.jpg
17,CSS Layout 18,https://www.free-css.com/free-css-layouts/page2/css-layout-18,https://www.free-css.com/assets/images/free-css-layouts/page2/css-layout-18.jpg
18,CSS Layout 19,https://www.free-css.com/free-css-layouts/page2/css-layout-19,https://www.free-css.com/assets/images/free-css-layouts/page2/css-layout-19.jpg
19,CSS Layout 20,https://www.free-css.com/free-css-layouts/page2/css-layout-20,https://www.free-css.com/assets/images/free-css-layouts/page2/css-layout-20.jpg
20,CSS Layout 21,https://www.free-css.com/free-css-layouts/page2/css-layout-21,https://www.free-css.com/assets/images/free-css-layouts/page2/css-layout-21.jpg
21,CSS Layout 22,https://www.free-css.com/free-css-layouts/page2/css-layout-22,https://www.free-css.com/assets/images/free-css-layouts/page2/css-layout-22.jpg
22,CSS Layout 23,https://www.free-css.com/free-css-layouts/page2/css-layout-23,https://www.free-css.com/assets/images/free-css-layouts/page2/css-layout-23.jpg
23,CSS Layout 24,https://www.free-css.com/free-css-layouts/page2/css-layout-24,https://www.free-css.com/assets/images/free-css-layouts/page2/css-layout-24.jpg
24,CSS Layout 25,https://www.free-css.com/free-css-layouts/page3/css-layout-25,https://www.free-css.com/assets/images/free-css-layouts/page3/css-layout-25.jpg
25,CSS Layout 26,https://www.free-css.com/free-css-layouts/page3/css-layout-26,https://www.free-css.com/assets/images/free-css-layouts/page3/css-layout-26.jpg
26,CSS Layout 27,https://www.free-css.com/free-css-layouts/page3/css-layout-27,https://www.free-css.com/assets/images/free-css-layouts/page3/css-layout-27.jpg
27,CSS Layout 28,https://www.free-css.com/free-css-layouts/page3/css-layout-28,https://www.free-css.com/assets/images/free-css-layouts/page3/css-layout-28.jpg
28,CSS Layout 29,https://www.free-css.com/free-css-layouts/page3/css-layout-29,https://www.free-css.com/assets/images/free-css-layouts/page3/css-layout-29.jpg
29,CSS Layout 30,https://www.free-css.com/free-css-layouts/page3/css-layout-30,https://www.free-css.com/assets/images/free-css-layouts/page3/css-layout-30.jpg
30,CSS Layout 31,https://www.free-css.com/free-css-layouts/page3/css-layout-31,https://www.free-css.com/assets/images/free-css-layouts/page3/css-layout-31.jpg
31,CSS Layout 32,https://www.free-css.com/free-css-layouts/page3/css-layout-32,https://www.free-css.com/assets/images/free-css-layouts/page3/css-layout-32.jpg
32,CSS Layout 33,https://www.free-css.com/free-css-layouts/page3/css-layout-33,https://www.free-css.com/assets/images/free-css-layouts/page3/css-layout-33.jpg
33,CSS Layout 34,https://www.free-css.com/free-css-layouts/page3/css-layout-34,https://www.free-css.com/assets/images/free-css-layouts/page3/css-layout-34.jpg
34,CSS Layout 35,https://www.free-css.com/free-css-layouts/page3/css-layout-35,https://www.free-css.com/assets/images/free-css-layouts/page3/css-layout-35.jpg
35,CSS Layout 36,https://www.free-css.com/free-css-layouts/page3/css-layout-36,https://www.free-css.com/assets/images/free-css-layouts/page3/css-layout-36.jpg
36,CSS Layout 37,https://www.free-css.com/free-css-layouts/page4/css-layout-37,https://www.free-css.com/assets/images/free-css-layouts/page4/css-layout-37.jpg
37,CSS Layout 38,https://www.free-css.com/free-css-layouts/page4/css-layout-38,https://www.free-css.com/assets/images/free-css-layouts/page4/css-layout-38.jpg
38,CSS Layout 39,https://www.free-css.com/free-css-layouts/page4/css-layout-39,https://www.free-css.com/assets/images/free-css-layouts/page4/css-layout-39.jpg
39,CSS Layout 40,https://www.free-css.com/free-css-layouts/page4/css-layout-40,https://www.free-css.com/assets/images/free-css-layouts/page4/css-layout-40.jpg
40,CSS Layout 41,https://www.free-css.com/free-css-layouts/page4/css-layout-41,https://www.free-css.com/assets/images/free-css-layouts/page4/css-layout-41.jpg
41,CSS Layout 42,https://www.free-css.com/free-css-layouts/page4/css-layout-42,https://www.free-css.com/assets/images/free-css-layouts/page4/css-layout-42.jpg
42,CSS Layout 43,https://www.free-css.com/free-css-layouts/page4/css-layout-43,https://www.free-css.com/assets/images/free-css-layouts/page4/css-layout-43.jpg
43,CSS Layout 44,https://www.free-css.com/free-css-layouts/page4/css-layout-44,https://www.free-css.com/assets/images/free-css-layouts/page4/css-layout-44.jpg
44,CSS Layout 45,https://www.free-css.com/free-css-layouts/page4/css-layout-45,https://www.free-css.com/assets/images/free-css-layouts/page4/css-layout-45.jpg
45,CSS Layout 46,https://www.free-css.com/free-css-layouts/page4/css-layout-46,https://www.free-css.com/assets/images/free-css-layouts/page4/css-layout-46.jpg
46,CSS Layout 47,https://www.free-css.com/free-css-layouts/page4/css-layout-47,https://www.free-css.com/assets/images/free-css-layouts/page4/css-layout-47.jpg
47,CSS Layout 48,https://www.free-css.com/free-css-layouts/page4/css-layout-48,https://www.free-css.com/assets/images/free-css-layouts/page4/css-layout-48.jpg
48,CSS Layout 49,https://www.free-css.com/free-css-layouts/page5/css-layout-49,https://www.free-css.com/assets/images/free-css-layouts/page5/css-layout-49.jpg
49,CSS Layout 50,https://www.free-css.com/free-css-layouts/page5/css-layout-50,https://www.free-css.com/assets/images/free-css-layouts/page5/css-layout-50.jpg
50,CSS Layout 51,https://www.free-css.com/free-css-layouts/page5/css-layout-51,https://www.free-css.com/assets/images/free-css-layouts/page5/css-layout-51.jpg
51,CSS Layout 52,https://www.free-css.com/free-css-layouts/page5/css-layout-52,https://www.free-css.com/assets/images/free-css-layouts/page5/css-layout-52.jpg
52,CSS Layout 53,https://www.free-css.com/free-css-layouts/page5/css-layout-53,https://www.free-css.com/assets/images/free-css-layouts/page5/css-layout-53.jpg
53,CSS Layout 54,https://www.free-css.com/free-css-layouts/page5/css-layout-54,https://www.free-css.com/assets/images/free-css-layouts/page5/css-layout-54.jpg
54,CSS Layout 55,https://www.free-css.com/free-css-layouts/page5/css-layout-55,https://www.free-css.com/assets/images/free-css-layouts/page5/css-layout-55.jpg
55,CSS Layout 56,https://www.free-css.com/free-css-layouts/page5/css-layout-56,https://www.free-css.com/assets/images/free-css-layouts/page5/css-layout-56.jpg
56,CSS Layout 57,https://www.free-css.com/free-css-layouts/page5/css-layout-57,https://www.free-css.com/assets/images/free-css-layouts/page5/css-layout-57.jpg
57,CSS Layout 58,https://www.free-css.com/free-css-layouts/page5/css-layout-58,https://www.free-css.com/assets/images/free-css-layouts/page5/css-layout-58.jpg
58,CSS Layout 59,https://www.free-css.com/free-css-layouts/page5/css-layout-59,https://www.free-css.com/assets/images/free-css-layouts/page5/css-layout-59.jpg
59,CSS Layout 60,https://www.free-css.com/free-css-layouts/page5/css-layout-60,https://www.free-css.com/assets/images/free-css-layouts/page5/css-layout-60.jpg
60,CSS Layout 61,https://www.free-css.com/free-css-layouts/page6/css-layout-61,https://www.free-css.com/assets/images/free-css-layouts/page6/css-layout-61.jpg
61,CSS Layout 62,https://www.free-css.com/free-css-layouts/page6/css-layout-62,https://www.free-css.com/assets/images/free-css-layouts/page6/css-layout-62.jpg
62,CSS Layout 63,https://www.free-css.com/free-css-layouts/page6/css-layout-63,https://www.free-css.com/assets/images/free-css-layouts/page6/css-layout-63.jpg
63,CSS Layout 64,https://www.free-css.com/free-css-layouts/page6/css-layout-64,https://www.free-css.com/assets/images/free-css-layouts/page6/css-layout-64.jpg
64,CSS Layout 65,https://www.free-css.com/free-css-layouts/page6/css-layout-65,https://www.free-css.com/assets/images/free-css-layouts/page6/css-layout-65.jpg
65,CSS Layout 66,https://www.free-css.com/free-css-layouts/page6/css-layout-66,https://www.free-css.com/assets/images/free-css-layouts/page6/css-layout-66.jpg
66,CSS Layout 67,https://www.free-css.com/free-css-layouts/page6/css-layout-67,https://www.free-css.com/assets/images/free-css-layouts/page6/css-layout-67.jpg
67,CSS Layout 68,https://www.free-css.com/free-css-layouts/page6/css-layout-68,https://www.free-css.com/assets/images/free-css-layouts/page6/css-layout-68.jpg
68,CSS Layout 69,https://www.free-css.com/free-css-layouts/page6/css-layout-69,https://www.free-css.com/assets/images/free-css-layouts/page6/css-layout-69.jpg
69,CSS Layout 70,https://www.free-css.com/free-css-layouts/page6/css-layout-70,https://www.free-css.com/assets/images/free-css-layouts/page6/css-layout-70.jpg
70,CSS Layout 71,https://www.free-css.com/free-css-layouts/page6/css-layout-71,https://www.free-css.com/assets/images/free-css-layouts/page6/css-layout-71.jpg
71,CSS Layout 72,https://www.free-css.com/free-css-layouts/page6/css-layout-72,https://www.free-css.com/assets/images/free-css-layouts/page6/css-layout-72.jpg
72,CSS Layout 73,https://www.free-css.com/free-css-layouts/page7/css-layout-73,https://www.free-css.com/assets/images/free-css-layouts/page7/css-layout-73.jpg
73,CSS Layout 74,https://www.free-css.com/free-css-layouts/page7/css-layout-74,https://www.free-css.com/assets/images/free-css-layouts/page7/css-layout-74.jpg
74,CSS Layout 75,https://www.free-css.com/free-css-layouts/page7/css-layout-75,https://www.free-css.com/assets/images/free-css-layouts/page7/css-layout-75.jpg
75,CSS Layout 76,https://www.free-css.com/free-css-layouts/page7/css-layout-76,https://www.free-css.com/assets/images/free-css-layouts/page7/css-layout-76.jpg
76,CSS Layout 77,https://www.free-css.com/free-css-layouts/page7/css-layout-77,https://www.free-css.com/assets/images/free-css-layouts/page7/css-layout-77.jpg
77,CSS Layout 78,https://www.free-css.com/free-css-layouts/page7/css-layout-78,https://www.free-css.com/assets/images/free-css-layouts/page7/css-layout-78.jpg
78,CSS Layout 79,https://www.free-css.com/free-css-layouts/page7/css-layout-79,https://www.free-css.com/assets/images/free-css-layouts/page7/css-layout-79.jpg
79,CSS Layout 80,https://www.free-css.com/free-css-layouts/page7/css-layout-80,https://www.free-css.com/assets/images/free-css-layouts/page7/css-layout-80.jpg
80,CSS Layout 81,https://www.free-css.com/free-css-layouts/page7/css-layout-81,https://www.free-css.com/assets/images/free-css-layouts/page7/css-layout-81.jpg
81,CSS Layout 82,https://www.free-css.com/free-css-layouts/page7/css-layout-82,https://www.free-css.com/assets/images/free-css-layouts/page7/css-layout-82.jpg
82,CSS Layout 83,https://www.free-css.com/free-css-layouts/page7/css-layout-83,https://www.free-css.com/assets/images/free-css-layouts/page7/css-layout-83.jpg
83,CSS Layout 84,https://www.free-css.com/free-css-layouts/page7/css-layout-84,https://www.free-css.com/assets/images/free-css-layouts/page7/css-layout-84.jpg
84,CSS Layout 85,https://www.free-css.com/free-css-layouts/page8/css-layout-85,https://www.free-css.com/assets/images/free-css-layouts/page8/css-layout-85.jpg
85,CSS Layout 86,https://www.free-css.com/free-css-layouts/page8/css-layout-86,https://www.free-css.com/assets/images/free-css-layouts/page8/css-layout-86.jpg
86,CSS Layout 87,https://www.free-css.com/free-css-layouts/page8/css-layout-87,https://www.free-css.com/assets/images/free-css-layouts/page8/css-layout-87.jpg
87,CSS Layout 88,https://www.free-css.com/free-css-layouts/page8/css-layout-88,https://www.free-css.com/assets/images/free-css-layouts/page8/css-layout-88.jpg
88,CSS Layout 89,https://www.free-css.com/free-css-layouts/page8/css-layout-89,https://www.free-css.com/assets/images/free-css-layouts/page8/css-layout-89.jpg
89,CSS Layout 90,https://www.free-css.com/free-css-layouts/page8/css-layout-90,https://www.free-css.com/assets/images/free-css-layouts/page8/css-layout-90.jpg
90,CSS Layout 91,https://www.free-css.com/free-css-layouts/page8/css-layout-91,https://www.free-css.com/assets/images/free-css-layouts/page8/css-layout-91.jpg
91,CSS Layout 92,https://www.free-css.com/free-css-layouts/page8/css-layout-92,https://www.free-css.com/assets/images/free-css-layouts/page8/css-layout-92.jpg
92,CSS Layout 93,https://www.free-css.com/free-css-layouts/page8/css-layout-93,https://www.free-css.com/assets/images/free-css-layouts/page8/css-layout-93.jpg
93,CSS Layout 94,https://www.free-css.com/free-css-layouts/page8/css-layout-94,https://www.free-css.com/assets/images/free-css-layouts/page8/css-layout-94.jpg
94,CSS Layout 95,https://www.free-css.com/free-css-layouts/page8/css-layout-95,https://www.free-css.com/assets/images/free-css-layouts/page8/css-layout-95.jpg
95,CSS Layout 96,https://www.free-css.com/free-css-layouts/page8/css-layout-96,https://www.free-css.com/assets/images/free-css-layouts/page8/css-layout-96.jpg
96,CSS Layout 97,https://www.free-css.com/free-css-layouts/page9/css-layout-97,https://www.free-css.com/assets/images/free-css-layouts/page9/css-layout-97.jpg
97,CSS Layout 98,https://www.free-css.com/free-css-layouts/page9/css-layout-98,https://www.free-css.com/assets/images/free-css-layouts/page9/css-layout-98.jpg
98,CSS Layout 99,https://www.free-css.com/free-css-layouts/page9/css-layout-99,https://www.free-css.com/assets/images/free-css-layouts/page9/css-layout-99.jpg
99,CSS Layout 100,https://www.free-css.com/free-css-layouts/page9/css-layout-100,https://www.free-css.com/assets/images/free-css-layouts/page9/css-layout-100.jpg
100,CSS Layout 101,https://www.free-css.com/free-css-layouts/page9/css-layout-101,https://www.free-css.com/assets/images/free-css-layouts/page9/css-layout-101.jpg
101,CSS Layout 102,https://www.free-css.com/free-css-layouts/page9/css-layout-102,https://www.free-css.com/assets/images/free-css-layouts/page9/css-layout-102.jpg
102,CSS Layout 103,https://www.free-css.com/free-css-layouts/page9/css-layout-103,https://www.free-css.com/assets/images/free-css-layouts/page9/css-layout-103.jpg
103,CSS Layout 104,https://www.free-css.com/free-css-layouts/page9/css-layout-104,https://www.free-css.com/assets/images/free-css-layouts/page9/css-layout-104.jpg
104,CSS Layout 105,https://www.free-css.com/free-css-layouts/page9/css-layout-105,https://www.free-css.com/assets/images/free-css-layouts/page9/css-layout-105.jpg
105,CSS Layout 106,https://www.free-css.com/free-css-layouts/page9/css-layout-106,https://www.free-css.com/assets/images/free-css-layouts/page9/css-layout-106.jpg
106,CSS Layout 107,https://www.free-css.com/free-css-layouts/page9/css-layout-107,https://www.free-css.com/assets/images/free-css-layouts/page9/css-layout-107.jpg
107,CSS Layout 108,https://www.free-css.com/free-css-layouts/page9/css-layout-108,https://www.free-css.com/assets/images/free-css-layouts/page9/css-layout-108.jpg
108,CSS Layout 109,https://www.free-css.com/free-css-layouts/page10/css-layout-109,https://www.free-css.com/assets/images/free-css-layouts/page10/css-layout-109.jpg
109,CSS Layout 110,https://www.free-css.com/free-css-layouts/page10/css-layout-110,https://www.free-css.com/assets/images/free-css-layouts/page10/css-layout-110.jpg
110,CSS Layout 111,https://www.free-css.com/free-css-layouts/page10/css-layout-111,https://www.free-css.com/assets/images/free-css-layouts/page10/css-layout-111.jpg
111,CSS Layout 112,https://www.free-css.com/free-css-layouts/page10/css-layout-112,https://www.free-css.com/assets/images/free-css-layouts/page10/css-layout-112.jpg
112,CSS Layout 113,https://www.free-css.com/free-css-layouts/page10/css-layout-113,https://www.free-css.com/assets/images/free-css-layouts/page10/css-layout-113.jpg
113,CSS Layout 114,https://www.free-css.com/free-css-layouts/page10/css-layout-114,https://www.free-css.com/assets/images/free-css-layouts/page10/css-layout-114.jpg
114,CSS Layout 115,https://www.free-css.com/free-css-layouts/page10/css-layout-115,https://www.free-css.com/assets/images/free-css-layouts/page10/css-layout-115.jpg
115,CSS Layout 116,https://www.free-css.com/free-css-layouts/page10/css-layout-116,https://www.free-css.com/assets/images/free-css-layouts/page10/css-layout-116.jpg
116,CSS Layout 117,https://www.free-css.com/free-css-layouts/page10/css-layout-117,https://www.free-css.com/assets/images/free-css-layouts/page10/css-layout-117.jpg
117,CSS Layout 118,https://www.free-css.com/free-css-layouts/page10/css-layout-118,https://www.free-css.com/assets/images/free-css-layouts/page10/css-layout-118.jpg
118,CSS Layout 119,https://www.free-css.com/free-css-layouts/page10/css-layout-119,https://www.free-css.com/assets/images/free-css-layouts/page10/css-layout-119.jpg
119,CSS Layout 120,https://www.free-css.com/free-css-layouts/page10/css-layout-120,https://www.free-css.com/assets/images/free-css-layouts/page10/css-layout-120.jpg
120,CSS Layout 121,https://www.free-css.com/free-css-layouts/page11/css-layout-121,https://www.free-css.com/assets/images/free-css-layouts/page11/css-layout-121.jpg
121,CSS Layout 122,https://www.free-css.com/free-css-layouts/page11/css-layout-122,https://www.free-css.com/assets/images/free-css-layouts/page11/css-layout-122.jpg
122,CSS Layout 123,https://www.free-css.com/free-css-layouts/page11/css-layout-123,https://www.free-css.com/assets/images/free-css-layouts/page11/css-layout-123.jpg
123,CSS Layout 124,https://www.free-css.com/free-css-layouts/page11/css-layout-124,https://www.free-css.com/assets/images/free-css-layouts/page11/css-layout-124.jpg
124,CSS Layout 125,https://www.free-css.com/free-css-layouts/page11/css-layout-125,https://www.free-css.com/assets/images/free-css-layouts/page11/css-layout-125.jpg
125,CSS Layout 126,https://www.free-css.com/free-css-layouts/page11/css-layout-126,https://www.free-css.com/assets/images/free-css-layouts/page11/css-layout-126.jpg
126,CSS Layout 127,https://www.free-css.com/free-css-layouts/page11/css-layout-127,https://www.free-css.com/assets/images/free-css-layouts/page11/css-layout-127.jpg
127,CSS Layout 128,https://www.free-css.com/free-css-layouts/page11/css-layout-128,https://www.free-css.com/assets/images/free-css-layouts/page11/css-layout-128.jpg
128,CSS Layout 129,https://www.free-css.com/free-css-layouts/page11/css-layout-129,https://www.free-css.com/assets/images/free-css-layouts/page11/css-layout-129.jpg
129,CSS Layout 130,https://www.free-css.com/free-css-layouts/page11/css-layout-130,https://www.free-css.com/assets/images/free-css-layouts/page11/css-layout-130.jpg
130,CSS Layout 131,https://www.free-css.com/free-css-layouts/page11/css-layout-131,https://www.free-css.com/assets/images/free-css-layouts/page11/css-layout-131.jpg
131,CSS Layout 132,https://www.free-css.com/free-css-layouts/page11/css-layout-132,https://www.free-css.com/assets/images/free-css-layouts/page11/css-layout-132.jpg
132,CSS Layout 133,https://www.free-css.com/free-css-layouts/page12/css-layout-133,https://www.free-css.com/assets/images/free-css-layouts/page12/css-layout-133.jpg
133,CSS Layout 134,https://www.free-css.com/free-css-layouts/page12/css-layout-134,https://www.free-css.com/assets/images/free-css-layouts/page12/css-layout-134.jpg
134,CSS Layout 135,https://www.free-css.com/free-css-layouts/page12/css-layout-135,https://www.free-css.com/assets/images/free-css-layouts/page12/css-layout-135.jpg
135,CSS Layout 136,https://www.free-css.com/free-css-layouts/page12/css-layout-136,https://www.free-css.com/assets/images/free-css-layouts/page12/css-layout-136.jpg
136,CSS Layout 137,https://www.free-css.com/free-css-layouts/page12/css-layout-137,https://www.free-css.com/assets/images/free-css-layouts/page12/css-layout-137.jpg
137,CSS Layout 138,https://www.free-css.com/free-css-layouts/page12/css-layout-138,https://www.free-css.com/assets/images/free-css-layouts/page12/css-layout-138.jpg
138,CSS Layout 139,https://www.free-css.com/free-css-layouts/page12/css-layout-139,https://www.free-css.com/assets/images/free-css-layouts/page12/css-layout-139.jpg
139,CSS Layout 140,https://www.free-css.com/free-css-layouts/page12/css-layout-140,https://www.free-css.com/assets/images/free-css-layouts/page12/css-layout-140.jpg
140,CSS Layout 141,https://www.free-css.com/free-css-layouts/page12/css-layout-141,https://www.free-css.com/assets/images/free-css-layouts/page12/css-layout-141.jpg
141,CSS Layout 142,https://www.free-css.com/free-css-layouts/page12/css-layout-142,https://www.free-css.com/assets/images/free-css-layouts/page12/css-layout-142.jpg
142,CSS Layout 143,https://www.free-css.com/free-css-layouts/page12/css-layout-143,https://www.free-css.com/assets/images/free-css-layouts/page12/css-layout-143.jpg
143,CSS Layout 144,https://www.free-css.com/free-css-layouts/page12/css-layout-144,https://www.free-css.com/assets/images/free-css-layouts/page12/css-layout-144.jpg
144,CSS Layout 145,https://www.free-css.com/free-css-layouts/page13/css-layout-145,https://www.free-css.com/assets/images/free-css-layouts/page13/css-layout-145.jpg
145,CSS Layout 146,https://www.free-css.com/free-css-layouts/page13/css-layout-146,https://www.free-css.com/assets/images/free-css-layouts/page13/css-layout-146.jpg
146,CSS Layout 147,https://www.free-css.com/free-css-layouts/page13/css-layout-147,https://www.free-css.com/assets/images/free-css-layouts/page13/css-layout-147.jpg
147,CSS Layout 148,https://www.free-css.com/free-css-layouts/page13/css-layout-148,https://www.free-css.com/assets/images/free-css-layouts/page13/css-layout-148.jpg
148,CSS Layout 149,https://www.free-css.com/free-css-layouts/page13/css-layout-149,https://www.free-css.com/assets/images/free-css-layouts/page13/css-layout-149.jpg
149,CSS Layout 150,https://www.free-css.com/free-css-layouts/page13/css-layout-150,https://www.free-css.com/assets/images/free-css-layouts/page13/css-layout-150.jpg
150,CSS Layout 151,https://www.free-css.com/free-css-layouts/page13/css-layout-151,https://www.free-css.com/assets/images/free-css-layouts/page13/css-layout-151.jpg
151,CSS Layout 152,https://www.free-css.com/free-css-layouts/page13/css-layout-152,https://www.free-css.com/assets/images/free-css-layouts/page13/css-layout-152.jpg
152,CSS Layout 153,https://www.free-css.com/free-css-layouts/page13/css-layout-153,https://www.free-css.com/assets/images/free-css-layouts/page13/css-layout-153.jpg
153,CSS Layout 154,https://www.free-css.com/free-css-layouts/page13/css-layout-154,https://www.free-css.com/assets/images/free-css-layouts/page13/css-layout-154.jpg
154,CSS Layout 155,https://www.free-css.com/free-css-layouts/page13/css-layout-155,https://www.free-css.com/assets/images/free-css-layouts/page13/css-layout-155.jpg
155,CSS Layout 156,https://www.free-css.com/free-css-layouts/page13/css-layout-156,https://www.free-css.com/assets/images/free-css-layouts/page13/css-layout-156.jpg
156,CSS Layout 157,https://www.free-css.com/free-css-layouts/page14/css-layout-157,https://www.free-css.com/assets/images/free-css-layouts/page14/css-layout-157.jpg
157,CSS Layout 158,https://www.free-css.com/free-css-layouts/page14/css-layout-158,https://www.free-css.com/assets/images/free-css-layouts/page14/css-layout-158.jpg
158,CSS Layout 159,https://www.free-css.com/free-css-layouts/page14/css-layout-159,https://www.free-css.com/assets/images/free-css-layouts/page14/css-layout-159.jpg
159,CSS Layout 160,https://www.free-css.com/free-css-layouts/page14/css-layout-160,https://www.free-css.com/assets/images/free-css-layouts/page14/css-layout-160.jpg
160,CSS Layout 161,https://www.free-css.com/free-css-layouts/page14/css-layout-161,https://www.free-css.com/assets/images/free-css-layouts/page14/css-layout-161.jpg
161,CSS Layout 162,https://www.free-css.com/free-css-layouts/page14/css-layout-162,https://www.free-css.com/assets/images/free-css-layouts/page14/css-layout-162.jpg
162,CSS Layout 163,https://www.free-css.com/free-css-layouts/page14/css-layout-163,https://www.free-css.com/assets/images/free-css-layouts/page14/css-layout-163.jpg
163,CSS Layout 164,https://www.free-css.com/free-css-layouts/page14/css-layout-164,https://www.free-css.com/assets/images/free-css-layouts/page14/css-layout-164.jpg
164,CSS Layout 165,https://www.free-css.com/free-css-layouts/page14/css-layout-165,https://www.free-css.com/assets/images/free-css-layouts/page14/css-layout-165.jpg
165,CSS Layout 166,https://www.free-css.com/free-css-layouts/page14/css-layout-166,https://www.free-css.com/assets/images/free-css-layouts/page14/css-layout-166.jpg
166,CSS Layout 167,https://www.free-css.com/free-css-layouts/page14/css-layout-167,https://www.free-css.com/assets/images/free-css-layouts/page14/css-layout-167.jpg
167,CSS Layout 168,https://www.free-css.com/free-css-layouts/page14/css-layout-168,https://www.free-css.com/assets/images/free-css-layouts/page14/css-layout-168.jpg
168,CSS Layout 169,https://www.free-css.com/free-css-layouts/page15/css-layout-169,https://www.free-css.com/assets/images/free-css-layouts/page15/css-layout-169.jpg
169,CSS Layout 170,https://www.free-css.com/free-css-layouts/page15/css-layout-170,https://www.free-css.com/assets/images/free-css-layouts/page15/css-layout-170.jpg
170,CSS Layout 171,https://www.free-css.com/free-css-layouts/page15/css-layout-171,https://www.free-css.com/assets/images/free-css-layouts/page15/css-layout-171.jpg
171,CSS Layout 172,https://www.free-css.com/free-css-layouts/page15/css-layout-172,https://www.free-css.com/assets/images/free-css-layouts/page15/css-layout-172.jpg
172,CSS Layout 173,https://www.free-css.com/free-css-layouts/page15/css-layout-173,https://www.free-css.com/assets/images/free-css-layouts/page15/css-layout-173.jpg
173,CSS Layout 174,https://www.free-css.com/free-css-layouts/page15/css-layout-174,https://www.free-css.com/assets/images/free-css-layouts/page15/css-layout-174.jpg
174,CSS Layout 175,https://www.free-css.com/free-css-layouts/page15/css-layout-175,https://www.free-css.com/assets/images/free-css-layouts/page15/css-layout-175.jpg
175,CSS Layout 176,https://www.free-css.com/free-css-layouts/page15/css-layout-176,https://www.free-css.com/assets/images/free-css-layouts/page15/css-layout-176.jpg
176,CSS Layout 177,https://www.free-css.com/free-css-layouts/page15/css-layout-177,https://www.free-css.com/assets/images/free-css-layouts/page15/css-layout-177.jpg
177,CSS Layout 178,https://www.free-css.com/free-css-layouts/page15/css-layout-178,https://www.free-css.com/assets/images/free-css-layouts/page15/css-layout-178.jpg
178,CSS Layout 179,https://www.free-css.com/free-css-layouts/page15/css-layout-179,https://www.free-css.com/assets/images/free-css-layouts/page15/css-layout-179.jpg
179,CSS Layout 180,https://www.free-css.com/free-css-layouts/page15/css-layout-180,https://www.free-css.com/assets/images/free-css-layouts/page15/css-layout-180.jpg
180,CSS Layout 181,https://www.free-css.com/free-css-layouts/page16/css-layout-181,https://www.free-css.com/assets/images/free-css-layouts/page16/css-layout-181.jpg
181,CSS Layout 182,https://www.free-css.com/free-css-layouts/page16/css-layout-182,https://www.free-css.com/assets/images/free-css-layouts/page16/css-layout-182.jpg
182,CSS Layout 183,https://www.free-css.com/free-css-layouts/page16/css-layout-183,https://www.free-css.com/assets/images/free-css-layouts/page16/css-layout-183.jpg
183,CSS Layout 184,https://www.free-css.com/free-css-layouts/page16/css-layout-184,https://www.free-css.com/assets/images/free-css-layouts/page16/css-layout-184.jpg
184,CSS Layout 185,https://www.free-css.com/free-css-layouts/page16/css-layout-185,https://www.free-css.com/assets/images/free-css-layouts/page16/css-layout-185.jpg
185,CSS Layout 186,https://www.free-css.com/free-css-layouts/page16/css-layout-186,https://www.free-css.com/assets/images/free-css-layouts/page16/css-layout-186.jpg
186,CSS Layout 187,https://www.free-css.com/free-css-layouts/page16/css-layout-187,https://www.free-css.com/assets/images/free-css-layouts/page16/css-layout-187.jpg
187,CSS Layout 188,https://www.free-css.com/free-css-layouts/page16/css-layout-188,https://www.free-css.com/assets/images/free-css-layouts/page16/css-layout-188.jpg
188,CSS Layout 189,https://www.free-css.com/free-css-layouts/page16/css-layout-189,https://www.free-css.com/assets/images/free-css-layouts/page16/css-layout-189.jpg
189,CSS Layout 190,https://www.free-css.com/free-css-layouts/page16/css-layout-190,https://www.free-css.com/assets/images/free-css-layouts/page16/css-layout-190.jpg
190,CSS Layout 191,https://www.free-css.com/free-css-layouts/page16/css-layout-191,https://www.free-css.com/assets/images/free-css-layouts/page16/css-layout-191.jpg
191,CSS Layout 192,https://www.free-css.com/free-css-layouts/page16/css-layout-192,https://www.free-css.com/assets/images/free-css-layouts/page16/css-layout-192.jpg
192,CSS Layout 193,https://www.free-css.com/free-css-layouts/page17/css-layout-193,https://www.free-css.com/assets/images/free-css-layouts/page17/css-layout-193.jpg
193,CSS Layout 194,https://www.free-css.com/free-css-layouts/page17/css-layout-194,https://www.free-css.com/assets/images/free-css-layouts/page17/css-layout-194.jpg
194,CSS Layout 195,https://www.free-css.com/free-css-layouts/page17/css-layout-195,https://www.free-css.com/assets/images/free-css-layouts/page17/css-layout-195.jpg
195,CSS Layout 196,https://www.free-css.com/free-css-layouts/page17/css-layout-196,https://www.free-css.com/assets/images/free-css-layouts/page17/css-layout-196.jpg
196,CSS Layout 197,https://www.free-css.com/free-css-layouts/page17/css-layout-197,https://www.free-css.com/assets/images/free-css-layouts/page17/css-layout-197.jpg
197,CSS Layout 198,https://www.free-css.com/free-css-layouts/page17/css-layout-198,https://www.free-css.com/assets/images/free-css-layouts/page17/css-layout-198.jpg
198,CSS Layout 199,https://www.free-css.com/free-css-layouts/page17/css-layout-199,https://www.free-css.com/assets/images/free-css-layouts/page17/css-layout-199.jpg
199,CSS Layout 200,https://www.free-css.com/free-css-layouts/page17/css-layout-200,https://www.free-css.com/assets/images/free-css-layouts/page17/css-layout-200.jpg
200,CSS Layout 201,https://www.free-css.com/free-css-layouts/page17/css-layout-201,https://www.free-css.com/assets/images/free-css-layouts/page17/css-layout-201.jpg
201,CSS Layout 202,https://www.free-css.com/free-css-layouts/page17/css-layout-202,https://www.free-css.com/assets/images/free-css-layouts/page17/css-layout-202.jpg
202,CSS Layout 203,https://www.free-css.com/free-css-layouts/page17/css-layout-203,https://www.free-css.com/assets/images/free-css-layouts/page17/css-layout-203.jpg
203,CSS Layout 204,https://www.free-css.com/free-css-layouts/page17/css-layout-204,https://www.free-css.com/assets/images/free-css-layouts/page17/css-layout-204.jpg
204,CSS Layout 205,https://www.free-css.com/free-css-layouts/page18/css-layout-205,https://www.free-css.com/assets/images/free-css-layouts/page18/css-layout-205.jpg
205,CSS Layout 206,https://www.free-css.com/free-css-layouts/page18/css-layout-206,https://www.free-css.com/assets/images/free-css-layouts/page18/css-layout-206.jpg
206,CSS Layout 207,https://www.free-css.com/free-css-layouts/page18/css-layout-207,https://www.free-css.com/assets/images/free-css-layouts/page18/css-layout-207.jpg
207,CSS Layout 208,https://www.free-css.com/free-css-layouts/page18/css-layout-208,https://www.free-css.com/assets/images/free-css-layouts/page18/css-layout-208.jpg
208,CSS Layout 209,https://www.free-css.com/free-css-layouts/page18/css-layout-209,https://www.free-css.com/assets/images/free-css-layouts/page18/css-layout-209.jpg
209,CSS Layout 210,https://www.free-css.com/free-css-layouts/page18/css-layout-210,https://www.free-css.com/assets/images/free-css-layouts/page18/css-layout-210.jpg
210,CSS Layout 211,https://www.free-css.com/free-css-layouts/page18/css-layout-211,https://www.free-css.com/assets/images/free-css-layouts/page18/css-layout-211.jpg
211,CSS Layout 212,https://www.free-css.com/free-css-layouts/page18/css-layout-212,https://www.free-css.com/assets/images/free-css-layouts/page18/css-layout-212.jpg
212,CSS Layout 213,https://www.free-css.com/free-css-layouts/page18/css-layout-213,https://www.free-css.com/assets/images/free-css-layouts/page18/css-layout-213.jpg
213,CSS Layout 214,https://www.free-css.com/free-css-layouts/page18/css-layout-214,https://www.free-css.com/assets/images/free-css-layouts/page18/css-layout-214.jpg
214,CSS Layout 215,https://www.free-css.com/free-css-layouts/page18/css-layout-215,https://www.free-css.com/assets/images/free-css-layouts/page18/css-layout-215.jpg
215,CSS Layout 216,https://www.free-css.com/free-css-layouts/page18/css-layout-216,https://www.free-css.com/assets/images/free-css-layouts/page18/css-layout-216.jpg
216,CSS Layout 217,https://www.free-css.com/free-css-layouts/page19/css-layout-217,https://www.free-css.com/assets/images/free-css-layouts/page19/css-layout-217.jpg
217,CSS Layout 218,https://www.free-css.com/free-css-layouts/page19/css-layout-218,https://www.free-css.com/assets/images/free-css-layouts/page19/css-layout-218.jpg
218,CSS Layout 219,https://www.free-css.com/free-css-layouts/page19/css-layout-219,https://www.free-css.com/assets/images/free-css-layouts/page19/css-layout-219.jpg
219,CSS Layout 220,https://www.free-css.com/free-css-layouts/page19/css-layout-220,https://www.free-css.com/assets/images/free-css-layouts/page19/css-layout-220.jpg
220,CSS Layout 221,https://www.free-css.com/free-css-layouts/page19/css-layout-221,https://www.free-css.com/assets/images/free-css-layouts/page19/css-layout-221.jpg
221,CSS Layout 222,https://www.free-css.com/free-css-layouts/page19/css-layout-222,https://www.free-css.com/assets/images/free-css-layouts/page19/css-layout-222.jpg
222,CSS Layout 223,https://www.free-css.com/free-css-layouts/page19/css-layout-223,https://www.free-css.com/assets/images/free-css-layouts/page19/css-layout-223.jpg
223,CSS Layout 224,https://www.free-css.com/free-css-layouts/page19/css-layout-224,https://www.free-css.com/assets/images/free-css-layouts/page19/css-layout-224.jpg
224,CSS Layout 225,https://www.free-css.com/free-css-layouts/page19/css-layout-225,https://www.free-css.com/assets/images/free-css-layouts/page19/css-layout-225.jpg
225,CSS Layout 226,https://www.free-css.com/free-css-layouts/page19/css-layout-226,https://www.free-css.com/assets/images/free-css-layouts/page19/css-layout-226.jpg
226,CSS Layout 227,https://www.free-css.com/free-css-layouts/page19/css-layout-227,https://www.free-css.com/assets/images/free-css-layouts/page19/css-layout-227.jpg
227,CSS Layout 228,https://www.free-css.com/free-css-layouts/page19/css-layout-228,https://www.free-css.com/assets/images/free-css-layouts/page19/css-layout-228.jpg
228,CSS Layout 229,https://www.free-css.com/free-css-layouts/page20/css-layout-229,https://www.free-css.com/assets/images/free-css-layouts/page20/css-layout-229.jpg
229,CSS Layout 230,https://www.free-css.com/free-css-layouts/page20/css-layout-230,https://www.free-css.com/assets/images/free-css-layouts/page20/css-layout-230.jpg
230,CSS Layout 231,https://www.free-css.com/free-css-layouts/page20/css-layout-231,https://www.free-css.com/assets/images/free-css-layouts/page20/css-layout-231.jpg
231,CSS Layout 232,https://www.free-css.com/free-css-layouts/page20/css-layout-232,https://www.free-css.com/assets/images/free-css-layouts/page20/css-layout-232.jpg
232,CSS Layout 233,https://www.free-css.com/free-css-layouts/page20/css-layout-233,https://www.free-css.com/assets/images/free-css-layouts/page20/css-layout-233.jpg
233,CSS Layout 234,https://www.free-css.com/free-css-layouts/page20/css-layout-234,https://www.free-css.com/assets/images/free-css-layouts/page20/css-layout-234.jpg
234,CSS Layout 235,https://www.free-css.com/free-css-layouts/page20/css-layout-235,https://www.free-css.com/assets/images/free-css-layouts/page20/css-layout-235.jpg
235,CSS Layout 236,https://www.free-css.com/free-css-layouts/page20/css-layout-236,https://www.free-css.com/assets/images/free-css-layouts/page20/css-layout-236.jpg
236,CSS Layout 237,https://www.free-css.com/free-css-layouts/page20/css-layout-237,https://www.free-css.com/assets/images/free-css-layouts/page20/css-layout-237.jpg
237,CSS Layout 238,https://www.free-css.com/free-css-layouts/page20/css-layout-238,https://www.free-css.com/assets/images/free-css-layouts/page20/css-layout-238.jpg
238,CSS Layout 239,https://www.free-css.com/free-css-layouts/page20/css-layout-239,https://www.free-css.com/assets/images/free-css-layouts/page20/css-layout-239.jpg
239,CSS Layout 240,https://www.free-css.com/free-css-layouts/page20/css-layout-240,https://www.free-css.com/assets/images/free-css-layouts/page20/css-layout-240.jpg
240,CSS Layout 241,https://www.free-css.com/free-css-layouts/page21/css-layout-241,https://www.free-css.com/assets/images/free-css-layouts/page21/css-layout-241.jpg
241,CSS Layout 242,https://www.free-css.com/free-css-layouts/page21/css-layout-242,https://www.free-css.com/assets/images/free-css-layouts/page21/css-layout-242.jpg
242,CSS Layout 243,https://www.free-css.com/free-css-layouts/page21/css-layout-243,https://www.free-css.com/assets/images/free-css-layouts/page21/css-layout-243.jpg
243,CSS Layout 244,https://www.free-css.com/free-css-layouts/page21/css-layout-244,https://www.free-css.com/assets/images/free-css-layouts/page21/css-layout-244.jpg
244,CSS Layout 245,https://www.free-css.com/free-css-layouts/page21/css-layout-245,https://www.free-css.com/assets/images/free-css-layouts/page21/css-layout-245.jpg
245,CSS Layout 246,https://www.free-css.com/free-css-layouts/page21/css-layout-246,https://www.free-css.com/assets/images/free-css-layouts/page21/css-layout-246.jpg
246,CSS Layout 247,https://www.free-css.com/free-css-layouts/page21/css-layout-247,https://www.free-css.com/assets/images/free-css-layouts/page21/css-layout-247.jpg
247,CSS Layout 248,https://www.free-css.com/free-css-layouts/page21/css-layout-248,https://www.free-css.com/assets/images/free-css-layouts/page21/css-layout-248.jpg
248,CSS Layout 249,https://www.free-css.com/free-css-layouts/page21/css-layout-249,https://www.free-css.com/assets/images/free-css-layouts/page21/css-layout-249.jpg
249,CSS Layout 250,https://www.free-css.com/free-css-layouts/page21/css-layout-250,https://www.free-css.com/assets/images/free-css-layouts/page21/css-layout-250.jpg
250,CSS Layout 251,https://www.free-css.com/free-css-layouts/page21/css-layout-251,https://www.free-css.com/assets/images/free-css-layouts/page21/css-layout-251.jpg
251,CSS Layout 252,https://www.free-css.com/free-css-layouts/page21/css-layout-252,https://www.free-css.com/assets/images/free-css-layouts/page21/css-layout-252.jpg
