,Menu_name,Menu_link,Menu_img
0,CSS Menu 01,https://www.free-css.com/assets/files/free-css-menus/download/page1/menu1.zip,https://www.free-css.com/assets/images/free-css-menus/page1/menu1.jpg
1,CSS Menu 02,https://www.free-css.com/assets/files/free-css-menus/download/page1/menu2.zip,https://www.free-css.com/assets/images/free-css-menus/page1/menu2.jpg
2,CSS Menu 03,https://www.free-css.com/assets/files/free-css-menus/download/page1/menu3.zip,https://www.free-css.com/assets/images/free-css-menus/page1/menu3.jpg
3,CSS Menu 04,https://www.free-css.com/assets/files/free-css-menus/download/page1/menu4.zip,https://www.free-css.com/assets/images/free-css-menus/page1/menu4.jpg
4,CSS Menu 05,https://www.free-css.com/assets/files/free-css-menus/download/page1/menu5.zip,https://www.free-css.com/assets/images/free-css-menus/page1/menu5.jpg
5,CSS Menu 06,https://www.free-css.com/assets/files/free-css-menus/download/page1/menu6.zip,https://www.free-css.com/assets/images/free-css-menus/page1/menu6.jpg
6,CSS Menu 07,https://www.free-css.com/assets/files/free-css-menus/download/page1/menu7.zip,https://www.free-css.com/assets/images/free-css-menus/page1/menu7.jpg
7,CSS Menu 08,https://www.free-css.com/assets/files/free-css-menus/download/page1/menu8.zip,https://www.free-css.com/assets/images/free-css-menus/page1/menu8.jpg
8,CSS Menu 09,https://www.free-css.com/assets/files/free-css-menus/download/page1/menu9.zip,https://www.free-css.com/assets/images/free-css-menus/page1/menu9.jpg
9,CSS Menu 10,https://www.free-css.com/assets/files/free-css-menus/download/page1/menu10.zip,https://www.free-css.com/assets/images/free-css-menus/page1/menu10.jpg
10,CSS Menu 11,https://www.free-css.com/assets/files/free-css-menus/download/page1/menu11.zip,https://www.free-css.com/assets/images/free-css-menus/page1/menu11.jpg
11,CSS Menu 12,https://www.free-css.com/assets/files/free-css-menus/download/page1/menu12.zip,https://www.free-css.com/assets/images/free-css-menus/page1/menu12.jpg
12,CSS Menu 13,https://www.free-css.com/assets/files/free-css-menus/download/page2/menu13.zip,https://www.free-css.com/assets/images/free-css-menus/page2/menu13.jpg
13,CSS Menu 14,https://www.free-css.com/assets/files/free-css-menus/download/page2/menu14.zip,https://www.free-css.com/assets/images/free-css-menus/page2/menu14.jpg
14,CSS Menu 15,https://www.free-css.com/assets/files/free-css-menus/download/page2/menu15.zip,https://www.free-css.com/assets/images/free-css-menus/page2/menu15.jpg
15,CSS Menu 16,https://www.free-css.com/assets/files/free-css-menus/download/page2/menu16.zip,https://www.free-css.com/assets/images/free-css-menus/page2/menu16.jpg
16,CSS Menu 17,https://www.free-css.com/assets/files/free-css-menus/download/page2/menu17.zip,https://www.free-css.com/assets/images/free-css-menus/page2/menu17.jpg
17,CSS Menu 18,https://www.free-css.com/assets/files/free-css-menus/download/page2/menu18.zip,https://www.free-css.com/assets/images/free-css-menus/page2/menu18.jpg
18,CSS Menu 19,https://www.free-css.com/assets/files/free-css-menus/download/page2/menu19.zip,https://www.free-css.com/assets/images/free-css-menus/page2/menu19.jpg
19,CSS Menu 20,https://www.free-css.com/assets/files/free-css-menus/download/page2/menu20.zip,https://www.free-css.com/assets/images/free-css-menus/page2/menu20.jpg
20,CSS Menu 21,https://www.free-css.com/assets/files/free-css-menus/download/page2/menu21.zip,https://www.free-css.com/assets/images/free-css-menus/page2/menu21.jpg
21,CSS Menu 22,https://www.free-css.com/assets/files/free-css-menus/download/page2/menu22.zip,https://www.free-css.com/assets/images/free-css-menus/page2/menu22.jpg
22,CSS Menu 23,https://www.free-css.com/assets/files/free-css-menus/download/page2/menu23.zip,https://www.free-css.com/assets/images/free-css-menus/page2/menu23.jpg
23,CSS Menu 24,https://www.free-css.com/assets/files/free-css-menus/download/page2/menu24.zip,https://www.free-css.com/assets/images/free-css-menus/page2/menu24.jpg
24,CSS Menu 25,https://www.free-css.com/assets/files/free-css-menus/download/page3/menu25.zip,https://www.free-css.com/assets/images/free-css-menus/page3/menu25.jpg
25,CSS Menu 26,https://www.free-css.com/assets/files/free-css-menus/download/page3/menu26.zip,https://www.free-css.com/assets/images/free-css-menus/page3/menu26.jpg
26,CSS Menu 27,https://www.free-css.com/assets/files/free-css-menus/download/page3/menu27.zip,https://www.free-css.com/assets/images/free-css-menus/page3/menu27.jpg
27,CSS Menu 28,https://www.free-css.com/assets/files/free-css-menus/download/page3/menu28.zip,https://www.free-css.com/assets/images/free-css-menus/page3/menu28.jpg
28,CSS Menu 29,https://www.free-css.com/assets/files/free-css-menus/download/page3/menu29.zip,https://www.free-css.com/assets/images/free-css-menus/page3/menu29.jpg
29,CSS Menu 30,https://www.free-css.com/assets/files/free-css-menus/download/page3/menu30.zip,https://www.free-css.com/assets/images/free-css-menus/page3/menu30.jpg
30,CSS Menu 31,https://www.free-css.com/assets/files/free-css-menus/download/page3/menu31.zip,https://www.free-css.com/assets/images/free-css-menus/page3/menu31.jpg
31,CSS Menu 32,https://www.free-css.com/assets/files/free-css-menus/download/page3/menu32.zip,https://www.free-css.com/assets/images/free-css-menus/page3/menu32.jpg
32,CSS Menu 33,https://www.free-css.com/assets/files/free-css-menus/download/page3/menu33.zip,https://www.free-css.com/assets/images/free-css-menus/page3/menu33.jpg
33,CSS Menu 34,https://www.free-css.com/assets/files/free-css-menus/download/page3/menu34.zip,https://www.free-css.com/assets/images/free-css-menus/page3/menu34.jpg
34,CSS Menu 35,https://www.free-css.com/assets/files/free-css-menus/download/page3/menu35.zip,https://www.free-css.com/assets/images/free-css-menus/page3/menu35.jpg
35,CSS Menu 36,https://www.free-css.com/assets/files/free-css-menus/download/page3/menu36.zip,https://www.free-css.com/assets/images/free-css-menus/page3/menu36.jpg
36,CSS Menu 37,https://www.free-css.com/assets/files/free-css-menus/download/page4/menu37.zip,https://www.free-css.com/assets/images/free-css-menus/page4/menu37.jpg
37,CSS Menu 38,https://www.free-css.com/assets/files/free-css-menus/download/page4/menu38.zip,https://www.free-css.com/assets/images/free-css-menus/page4/menu38.jpg
38,CSS Menu 39,https://www.free-css.com/assets/files/free-css-menus/download/page4/menu39.zip,https://www.free-css.com/assets/images/free-css-menus/page4/menu39.jpg
39,CSS Menu 40,https://www.free-css.com/assets/files/free-css-menus/download/page4/menu40.zip,https://www.free-css.com/assets/images/free-css-menus/page4/menu40.jpg
40,CSS Menu 41,https://www.free-css.com/assets/files/free-css-menus/download/page4/menu41.zip,https://www.free-css.com/assets/images/free-css-menus/page4/menu41.jpg
41,CSS Menu 42,https://www.free-css.com/assets/files/free-css-menus/download/page4/menu42.zip,https://www.free-css.com/assets/images/free-css-menus/page4/menu42.jpg
42,CSS Menu 43,https://www.free-css.com/assets/files/free-css-menus/download/page4/menu43.zip,https://www.free-css.com/assets/images/free-css-menus/page4/menu43.jpg
43,CSS Menu 44,https://www.free-css.com/assets/files/free-css-menus/download/page4/menu44.zip,https://www.free-css.com/assets/images/free-css-menus/page4/menu44.jpg
44,CSS Menu 45,https://www.free-css.com/assets/files/free-css-menus/download/page4/menu45.zip,https://www.free-css.com/assets/images/free-css-menus/page4/menu45.jpg
45,CSS Menu 46,https://www.free-css.com/assets/files/free-css-menus/download/page4/menu46.zip,https://www.free-css.com/assets/images/free-css-menus/page4/menu46.jpg
46,CSS Menu 47,https://www.free-css.com/assets/files/free-css-menus/download/page4/menu47.zip,https://www.free-css.com/assets/images/free-css-menus/page4/menu47.jpg
47,CSS Menu 48,https://www.free-css.com/assets/files/free-css-menus/download/page4/menu48.zip,https://www.free-css.com/assets/images/free-css-menus/page4/menu48.jpg
48,CSS Menu 49,https://www.free-css.com/assets/files/free-css-menus/download/page5/menu49.zip,https://www.free-css.com/assets/images/free-css-menus/page5/menu49.jpg
49,CSS Menu 50,https://www.free-css.com/assets/files/free-css-menus/download/page5/menu50.zip,https://www.free-css.com/assets/images/free-css-menus/page5/menu50.jpg
50,CSS Menu 51,https://www.free-css.com/assets/files/free-css-menus/download/page5/menu51.zip,https://www.free-css.com/assets/images/free-css-menus/page5/menu51.jpg
51,CSS Menu 52,https://www.free-css.com/assets/files/free-css-menus/download/page5/menu52.zip,https://www.free-css.com/assets/images/free-css-menus/page5/menu52.jpg
52,CSS Menu 53,https://www.free-css.com/assets/files/free-css-menus/download/page5/menu53.zip,https://www.free-css.com/assets/images/free-css-menus/page5/menu53.jpg
53,CSS Menu 54,https://www.free-css.com/assets/files/free-css-menus/download/page5/menu54.zip,https://www.free-css.com/assets/images/free-css-menus/page5/menu54.jpg
54,CSS Menu 55,https://www.free-css.com/assets/files/free-css-menus/download/page5/menu55.zip,https://www.free-css.com/assets/images/free-css-menus/page5/menu55.jpg
55,CSS Menu 56,https://www.free-css.com/assets/files/free-css-menus/download/page5/menu56.zip,https://www.free-css.com/assets/images/free-css-menus/page5/menu56.jpg
56,CSS Menu 57,https://www.free-css.com/assets/files/free-css-menus/download/page5/menu57.zip,https://www.free-css.com/assets/images/free-css-menus/page5/menu57.jpg
57,CSS Menu 58,https://www.free-css.com/assets/files/free-css-menus/download/page5/menu58.zip,https://www.free-css.com/assets/images/free-css-menus/page5/menu58.jpg
